Numero,Compuesto bioactivo,Base de datos,SMILES,TIPO DE SMILES,Actividad anticancerígena,Enlaces del artículo de PubMed
1,Apigenina,PubChem,C1=CC(=CC=C1C2=CC(=O)C3=C(C=C(C=C3O2)O)O)O,Canónico,Inhibición de células cancerígenas.,https://pmc.ncbi.nlm.nih.gov/articles/PMC9505045/#sec3-molecules-27-06051
,,,,,,
2,Luteolina,PubChem,C1=CC(=C(C=C1C2=CC(=O)C3=C(C=C(C=C3O2)O)O)O)O,Canónico,"Inhibir la proliferación, la metástasis y la invasión de células tumorales y la angiogénesis por varios mecanismos, incluyendo la supresión de quinasas, la promoción de la apoptosis, la regulación del ciclo celular tumoral y la reducción de factores de transcripción.",https://pmc.ncbi.nlm.nih.gov/articles/PMC10057337/#sec4-vaccines-11-00554
,,,,,,
3,Escopoletina,Pubchem,COC1=C(C=C2C(=C1)C=CC(=O)O2)O,Canónico,"Inhibición antiproliferación, antimigración, proapoptótica, antiinvasión y antiangiogénica de la resistencia a múltiples fármacos.",https://www.frontiersin.org/journals/pharmacology/articles/10.3389/fphar.2024.1268464/full
,,,,,,
4,Betulina,PubChem,CC(=C)[C@@H]1CC[C@]2([C@H]1[C@H]3CC[C@@H]4[C@]5(CC[C@@H](C([C@@H]5CC[C@]4([C@@]3(CC2)C)C)(C)C)O)C)CO,Isomérico,Inhibir el crecimiento de células cancerosas.,https://pmc.ncbi.nlm.nih.gov/articles/PMC4383233/#sec1
,,,,,,
5,Betulinaldehido,ChEMBL,C=C(C)[C@@H]1CC[C@]2(C=O)CC[C@]3(C)[C@H](CC[C@@H]4[C@@]5(C)CC[C@H](O)C(C)(C)[C@@H]5CC[C@]43C)[C@@H]12,Isomérico,"Inhibir significativamente la actividad oncológica de las células A549 al regular el nivel de autofagia intracelular, lo que lo convierte en una opción potencialmente eficaz para la terapia adyuvante en el tratamiento del cáncer de pulmón.",https://pubmed.ncbi.nlm.nih.gov/36639415/
6,Fitol,PubChem,C[C@@H](CCC[C@@H](C)CCC/C(=C/CO)/C)CCCC(C)C,Isomérico,Ayudar a prevenir el cáncer.,https://pmc.ncbi.nlm.nih.gov/articles/PMC7012361/
,,,,,,
7,Efusanina A,PubChem,CC1(CC[C@@H]([C@]23[C@@H]1[C@@H]([C@]([C@]45[C@H]2CC[C@H](C4)C(=C)C5=O)(OC3)O)O)O)C,Isomérico,"La efusanina B inhibió la proliferación y la migración de células A549 al inducir la apoptosis mitocondrial y afectar las vías STAT3/FAK. Estudios mecanísticos mostraron que la efusanina B inhibió la fosforilación de STAT3 y regulaba la expresión de proteínas posteriores, como Bcl-2, Bax, Mcl-1 y Ciclina D1. Se descubrió que la efusanina B inhibe la migración celular al suprimir la fosforilación de FAK. Además, la efusanina B inhibió la proliferación y la metástasis de células A549 in vivo y demostró efectos antiangiogénicos in vivo.",https://pmc.ncbi.nlm.nih.gov/articles/PMC10707445/#sec5-molecules-28-07682
,,,,,,
8,_-sitosterol,PubChem,CC[C@H](CC[C@@H](C)[C@H]1CC[C@@H]2[C@@]1(CC[C@H]3[C@H]2CC=C4[C@@]3(CC[C@@H](C4)O)C)C)C(C)C,Isomérico,"Tiene efectos quimiosensibilizadores en células cancerosas, interfiriendo con múltiples vías de señalización celular implicadas en la proliferación, la detención del ciclo celular, la apoptosis, la supervivencia, la invasión de metástasis, la angiogénesis y la inflamación.",https://pubmed.ncbi.nlm.nih.gov/37929761/
9,Estigmasterol,PubChem,CC[C@H](/C=C/[C@@H](C)[C@H]1CC[C@@H]2[C@@]1(CC[C@H]3[C@H]2CC=C4[C@@]3(CC[C@@H](C4)O)C)C)C(C)C,Isomérico,"Promover la apoptosis, inhibir la proliferación, la metástasis y la invasión, e inducir la autofagia en las células tumorales.",https://pmc.ncbi.nlm.nih.gov/articles/PMC9791061/
,,,,,,
10,Juncusol,PubChem,CC1=C(C=CC2=C1CCC3=CC(=C(C(=C32)C=C)C)O)O,Canónico,Actividad antiproliferativa en la línea celular de cáncer cervical humano.,https://www.nature.com/articles/s41598-022-18063-5
11,Effusol,Pubchem,CC1=C(C=CC2=C1CCC3=C2C(=CC(=C3)O)C=C)O,Canónico,,
12,Ginsenoside Rb1,Pubchem,CC(=CCC[C@@](C)([C@H]1CC[C@@]2([C@@H]1[C@@H](C[C@H]3[C@]2(CC[C@@H]4[C@@]3(CC[C@@H](C4(C)C)O[C@H]5[C@@H]([C@H]([C@@H]([C@H](O5)CO)O)O)O[C@H]6[C@@H]([C@H]([C@@H]([C@H](O6)CO)O)O)O)C)C)O)C)O[C@H]7[C@@H]([C@H]([C@@H]([C@H](O7)CO[C@H]8[C@@H]([C@H]([C@@H]([C@H](O8)CO)O)O)O)O)O)O)C,Isomérico,Inhibe la proliferación y la migración e induce la apoptosis de las células de cáncer de pulmón 95D y NCI-H460 al regular la vía apoptótica mitocondrial para lograr actividad antitumoral.,https://pubmed.ncbi.nlm.nih.gov/38465430/
,,,,,,
13,Ginsenoside Rg3,Pubchem,CC(=CCC[C@@](C)([C@H]1CC[C@@]2([C@@H]1[C@@H](C[C@H]3[C@]2(CC[C@@H]4[C@@]3(CC[C@@H](C4(C)C)O[C@H]5[C@@H]([C@H]([C@@H]([C@H](O5)CO)O)O)O[C@H]6[C@@H]([C@H]([C@@H]([C@H](O6)CO)O)O)O)C)C)O)C)O)C,Isomérico,Disminución de resistencia hacia los fármacos en células tumorales.,https://pubmed.ncbi.nlm.nih.gov/36167294/
,,,,,,
14,Ginsenoside Rk1,PubChem,CC(=CCCC(=C)[C@H]1CC[C@@]2([C@@H]1[C@@H](C[C@H]3[C@]2(CC[C@@H]4[C@@]3(CC[C@@H](C4(C)C)O[C@H]5[C@@H]([C@H]([C@@H]([C@H](O5)CO)O)O)O[C@H]6[C@@H]([C@H]([C@@H]([C@H](O6)CO)O)O)O)C)C)O)C)C,Isomérico,"Reprime significativamente el crecimiento tumoral con baja toxicidad para los órganos principales. Además, Rk1 inhibió drásticamente la proliferación celular, la formación de colonias, promovió la liberación de LDH e indujo la detención de la fase G0 / G1.",https://pubmed.ncbi.nlm.nih.gov/30797898/
,,,,,,
15,Ginsenoside Rg5,Pubchem,CC(=CC/C=C(\C)/[C@H]1CC[C@@]2([C@@H]1[C@@H](C[C@H]3[C@]2(CC[C@@H]4[C@@]3(CC[C@@H](C4(C)C)O[C@H]5[C@@H]([C@H]([C@@H]([C@H](O5)CO)O)O)O[C@H]6[C@@H]([C@H]([C@@H]([C@H](O6)CO)O)O)O)C)C)O)C)C,Isomérico,"Inhibe la activación de NF-_B al suprimir su quinasa 1 activada por el factor de crecimiento transformante _ en células HeLa o A549 tratadas con TNF-_, en comparación con el grupo control sin tratamiento. Además, el ginsenósido Rg5 atenuó la expresión de EphA2 por degradación lisosomal, lo que inhibió su fosforilación. Asimismo, el ginsenósido Rg5 suprimió la migración de células cancerosas inducida por citocinas inflamatorias.",https://pubmed.ncbi.nlm.nih.gov/33907562/
,,,,,,
16,Ginsenoside Rh2,PubChem,CC(=CCC[C@@](C)([C@H]1CC[C@@]2([C@@H]1[C@@H](C[C@H]3[C@]2(CC[C@@H]4[C@@]3(CC[C@@H](C4(C)C)O[C@H]5[C@@H]([C@H]([C@@H]([C@H](O5)CO)O)O)O)C)C)O)C)O)C,Isomérico,"Retrasa el crecimiento y la metástasis del cáncer de mama a través del aumento de la función citotóxica de las células NK, como lo validó la liberación elevada de perforina, granzima B e interferón-_ (IFN-_).",https://pubmed.ncbi.nlm.nih.gov/38043385/
,,,,,,
17,Ginsenoside Rh1,PubChem,CC(=CCC[C@@](C)([C@H]1CC[C@@]2([C@@H]1[C@@H](C[C@H]3[C@]2(C[C@@H]([C@@H]4[C@@]3(CC[C@@H](C4(C)C)O)C)O[C@H]5[C@@H]([C@H]([C@@H]([C@H](O5)CO)O)O)O)C)O)C)O)C,Isomérico,Suprime el crecimiento tumoral.,https://pubmed.ncbi.nlm.nih.gov/35325393/
,,,,,,
18,Panaxynol,PubChem,CCC/C=C\CC#CC#C[C@@H](C=C)O,Isomérico,"Reduce la tumorigénesis ( P ≤ 0,05). Esta mejora puede reflejar el efecto restaurador del PA sobre la función de la barrera intestinal.",https://pubmed.ncbi.nlm.nih.gov/37489869/
,,,,,,
19,Timoquinona,PubChem,CC1=CC(=O)C(=CC1=O)C(C)C,Canónico,Efectos inhibidores contra las líneas celulares de cáncer de mama y colorrectal.,https://pmc.ncbi.nlm.nih.gov/articles/PMC10236984/
,,,,,,
20,Timohidroquinona,PubChem,CC1=CC(=C(C=C1O)C(C)C)O,Canónico,"Actividad antioxidante y oxidante selectiva, la interferencia con la estructura del ADN, la afectación de moléculas/vías de señalización cancerígena y la inmunomodulación.","https://www.oncotarget.com/article/17206/text/#:~:text=Tambi%C3%A9n%20inhibe%20la%20expresi%C3%B3n%20de,que%20finalmente%20induce%20la%20apoptosis.&text=Aumenta%20la%20apoptosis%20temprana%20a,la%20regulaci%C3%B3n%20negativa%20de%20Bax.&text=Genera%20ROS%20para%20inducir%20da%C3%B1o%20oxidativo%20y%20apoptosis.&text=La%20actividad%20antioxidante%20controla%20el%20crecimiento%20de%20las%20c%C3%A9lulas%20cancerosas.&text=Inhibe%20la%20s%C3%ADntesis%20y%20proliferaci%C3%B3n%20del%20ADN.&text=Regula%20negativamente%20la%20expresi%C3%B3n%20de,v%C3%ADas%20JNK)%20y%20p38%20MAPK.&text=Inhibe%20la%20proliferaci%C3%B3n%20celular%20e,fosforilaciones%20de%20Akt%20y%20JNK.&text=Figura%202:%20Mecanismos%20importantes%20de,muestra%20actividad%20antioxidante%20y%20quimiopreventiva"
,,,,,,
21,p-cimeno,PubChem,CC1=CC=C(C=C1)C(C)C,Canónico,Sus efectos anticancerígenos se relacionan con mecanismos como la inhibición de la apoptosis y la detención del ciclo celular.,"https://pubmed.ncbi.nlm.nih.gov/33984423/#:~:text=Numerosos%20estudios%20han%20demostrado%20las,%2C%20antitumorales%2C%20antibacterianas%20y%20antif%C3%BAngicas."
22,Carvacrol,PubChem,CC1=C(C=C(C=C1)C(C)C)O,Canónico,"Inhibir la viabilidad y proliferación de células de cáncer de pulmón (línea celular A549), además de inducir características apoptóticas tempranas ( Koparal y Zeytinoglu, 2003 ) y reducir la viabilidad de las líneas celulares A549, H460 ( Jung et al., 2018 ) y H1299, siendo esta última resistente a la epirubicina ( Ozkan y Erdogan, 2012 ).",https://pmc.ncbi.nlm.nih.gov/articles/PMC8293693/
,,,,,,
23,4-terpineol,PubChem,CC1=CCC(CC1)(C(C)C)O,Canónico,"Exhibe efectos anticancerígenos en las células Hep-G2 al inducir apoptosis, fragmentación del ADN, inhibición de la migración celular y arresto del ciclo celular sub-G1.",https://pubmed.ncbi.nlm.nih.gov/27837623/
,,,,,,
24,Anetol,PubChem,C/C=C/C1=CC=C(C=C1)OC,Isomérico,Inhibición de células cancerígenas y su disminución de crecimiento celular.,"https://www.sciencedirect.com/science/article/pii/S0753332224013350#:~:text=Regulaci%C3%B3n%20de%20las%20citocinas%20inflamatorias,el%20microambiente%20tumoral%20%5B14%5D%20."
25,Sesquiterpeno,PubChem,CC(C)[C@H]1[C@@H](CC(=C)[C@@H]2[C@@H]1[C@@H](CC2)C(=O)C)O,Isomérico,"Modulación de la actividad del factor nuclear kappa (NF-kB), la inhibición de la peroxidación lipídica y el retraso en la producción de especies reactivas de oxígeno y nitrógeno (ROS&RNS).","https://www.sciencedirect.com/science/article/abs/pii/S1043661820314730#:~:text=Este%20sesquiterpeno%20tambi%C3%A9n%20inhibe%20la,inducci%C3%B3n%20de%20apoptosis%20%5B%2031%20%5D."
26,_-pineno,PubChem,CC1=CCC2CC1C2(C)C,Canónico,"Ejerce efectos anticancerígenos en las células PA-1 al promover la citotoxicidad, la supresión de la progresión de la secuencia celular junto con la muerte celular programada.","https://pmc.ncbi.nlm.nih.gov/articles/PMC6743669/#:~:text=Conclusiones,con%20la%20muerte%20celular%20programada."
,,,,,,
27,Timol,PubChem,CC1=CC(=C(C=C1C2(C3=CC=CC=C3S(=O)(=O)O2)C4=CC(=C(C=C4C)O)C(C)C)C(C)C)O,Canónico,"Promueve una reducción en la viabilidad celular en las líneas celulares A549, H460 y H1299 ( Pathania et al., 2013 ; Coccimiglio et al., 2016 ; De La Chapa et al., 2018 ; Balan et al., 2021 ).",https://pmc.ncbi.nlm.nih.gov/articles/PMC8293693/
,,,,,,
28,Crisofanol,Pubchem,CC1=CC2=C(C(=C1)O)C(=O)C3=C(C2=O)C=CC=C3O,Canónico,"Efectos anticancerígenos son incluyendo la inducción de la detención del ciclo celular , la promoción de la apoptosis , la regulación de la autofagia y el inicio de la necrosis en varias líneas celulares cancerosas .","https://www.sciencedirect.com/science/article/pii/S104366182400447X#:~:text=El%20crisofanol%20ha%20demostrado%20un,c%C3%A1ncer%20y%20las%20v%C3%ADas%20metab%C3%B3licas.&text=Figura%201%20.,de%20la%20actividad%20del%20crisofanol.&text=Tabla%202%20.,diferentes%20l%C3%ADneas%20de%20c%C3%A9lulas%20cancerosas."
29,Emodina,Pubchem,CC1=CC2=C(C(=C1)O)C(=O)C3=C(C2=O)C=C(C=C3O)O,Canónico,"Agente inhibidor de amplio espectro de las células cancerosas, se ha detallado en muchas vías biológicas. En las células cancerosas, estos mecanismos moleculares consisten en suprimir el crecimiento y la proliferación celular mediante la atenuación de la señalización de crecimiento oncogénico.","https://pmc.ncbi.nlm.nih.gov/articles/PMC8198870/#:~:text=La%20propiedad%20anticancer%C3%ADgena%20de%20la,de%20f%C3%A1rmacos%20en%20la%20biodisponibilidad."
,,,,,,
30,Aloe-emodina,Pubchem,C1=CC2=C(C(=C1)O)C(=O)C3=C(C2=O)C=C(C=C3O)CO,Canónico,"Los efectos más notables contra el cáncer incluyen la inhibición de la proliferación, migración e invasión celular; la detención del ciclo celular; la inducción de la muerte celular; las perturbaciones redox y de la membrana mitocondrial; y la modulación de la señalización inmunitaria.",https://pmc.ncbi.nlm.nih.gov/articles/PMC6426255/
,,,,,,
31,Catequina,Pubchem,C1[C@@H]([C@H](OC2=CC(=CC(=C21)O)O)C3=CC(=C(C=C3)O)O)O,Isomérico,"Inhibe el crecimiento celular e inducen la muerte celular, lo que las convierte en una herramienta potencialmente valiosa en la prevención del cáncer.","https://onlinelibrary.wiley.com/doi/full/10.1002/fsn3.70169#:~:text=Las%20catequinas%20tienen%20numerosas%20ventajas,y%20el%20tratamiento%20del%20c%C3%A1ncer."
,,,,,,
32,Kaempferol,Pubchem,C1=CC(=CC=C1C2=C(C(=O)C3=C(C=C(C=C3O2)O)O)O)O,Canónico,"Los mecanismos de acción incluyen la apoptosis, la detención del ciclo celular en la fase G2/M, la regulación negativa de los marcadores relacionados con la transición epitelio-mesenquimal (EMT) y las vías de señalización de la fosfoinosítido 3-quinasa/proteína quinasa B.","https://pmc.ncbi.nlm.nih.gov/articles/PMC6631472/#:~:text=La%20prevenci%C3%B3n%20del%20c%C3%A1ncer%20se,mecanismos%20de%20acci%C3%B3n%20del%20kaempferol."
,,,,,,
33,Proantocianidina,Pubchem,COC1=C(C=C(C=C1O)C2[C@@H](CC3=C(O2)C(=C(C=C3O)O)[C@@H]4[C@H]([C@H](OC5=CC(=CC(=C45)O)O)C6=CC=C(C=C6)O)O)O)O,Isomérico,Causa la muerte celular por apoptosis a través de vías de caspasa en la línea celular de cáncer.,"https://pmc.ncbi.nlm.nih.gov/articles/PMC4615409/#:~:text=La%20apoptosis%2C%20una%20muerte%20celular,c%C3%A1ncer%20colorrectal%20humano%20SNU%2DC4."
34,Ácido oleico,Pubchem,CCCC/C=C\CCCC(=O)O,Isomérico,Inhibidor de la proliferación de células tumorales.,https://scielo.isciii.es/scielo.php?script=sci_abstract&pid=S0212-16112012000600010
,,,,,,
35,Ácido linolénico,Pubchem,CC/C=C\C/C=C\C/C=C\CCCC(=O)O,Isomérico,Inhibe el crecimiento celular e inducen la muerte celular.,"https://pmc.ncbi.nlm.nih.gov/articles/PMC8076465/#:~:text=Antecedentes%20y%20objetivo:,perfiles%20hematol%C3%B3gicos%2C%20bioqu%C3%ADmicos%20e%20histopatol%C3%B3gicos"
36,Filtetralina,PubChem,COC[C@H]1CC2=CC(=C(C=C2[C@H]([C@@H]1COC)C3=CC(=C(C=C3)OC)OC)OC)OC,Isomérico,"Ejerció efectos citotóxicos en células K-562 con 40,3, 66,0, 62,0, 61,0 o 24,1% de muerte celular, respectivamente. ",https://www.researchgate.net/publication/6741904_The_Cytotoxic_Effect_and_the_Multidrug_Resistance_Reversing_Action_of_Lignans_from_Phyllanthus_amarus 
37,Nirtetralina,PubChem,COC[C@H]1CC2=CC3=C(C(=C2[C@H]([C@@H]1COC)C4=CC(=C(C=C4)OC)OC)OC)OCO3,Isomérico,Se reporta actividad citotóxica in vitro contra líneas de carcinoma de células escamosas orales; induce apoptosis y detiene la proliferación en estudios celulares.,https://pmc.ncbi.nlm.nih.gov/articles/PMC12063135/ 
38,Nirantina,PubChem,COC[C@@H](CC1=CC(=C(C=C1)OC)OC)[C@H](CC2=CC3=C(C(=C2)OC)OCO3)COC,Isomérico,"Ejerció efectos citotóxicos en células K-562 con 40,3, 66,0, 62,0, 61,0 o 24,1% de muerte celular, respectivamente. ",https://www.researchgate.net/publication/6741904_The_Cytotoxic_Effect_and_the_Multidrug_Resistance_Reversing_Action_of_Lignans_from_Phyllanthus_amarus
39,Quercetina,ChEBI,OC1=CC(O)=C2C(OC(=C(O)C2=O)C2=CC(O)=C(O)C=C2)=C1,Canónico,Inhibe proliferación y induce apoptosis en múltiples líneas tumorales; efectos antiangiogénicos y modulador de ROS y vías de señalización relacionadas con cáncer.,PubMed: https://pubmed.ncbi.nlm.nih.gov/30039547/
,,,,,,Review: https://pubmed.ncbi.nlm.nih.gov/36233051/
,,,,,,Review (breast cancer): https://pubmed.ncbi.nlm.nih.gov/32097663/. 
40,Quercitrina,ChEMBL,C[C@@H]1O[C@@H](Oc2c(-c3ccc(O)c(O)c3)oc3cc(O)cc(O)c3c2=O)[C@H](O)[C@H](O)[C@H]1O,Isomérico,Actividad antiproliferativa y proapoptótica reportada en estudios in vitro; potencial quimiopreventivo asociado a metabolitos de quercetina.,PubMed review (quercetin family): https://pubmed.ncbi.nlm.nih.gov/30039547/  estudios sobre quercitrin en PubMed (ejemplos experimentales).
41,Isoquercitina,PubChem,C1=CC(=C(C=C1C2=C(C(=O)C3=C(C=C(C=C3O2)O)O)O)O[C@@H]4[C@H]([C@@H]([C@@H]([C@@H](O4)CO)O)O)O)O)O)O,Isomérico,"Efectos antitumorales documentados: inhibición del crecimiento celular, modulación de vías apoptóticas y señalización (Wnt, MAPK); mejor biodisponibilidad que el aglicón.",Review/estudio: https://pubmed.ncbi.nlm.nih.gov/27081641/
,,,,,,estudio reciente: https://pubmed.ncbi.nlm.nih.gov/39427296/. 
42,Rutina,DrugBank,C[C@@H]1O[C@@H](OC[C@H]2O[C@@H](OC3=C(OC4=CC(O)=CC(O)=C4C3=O)C3=CC(O)=C(O)C=C3)[C@H](O)[C@@H](O)[C@@H]2O)[C@H](O)[C@H](O)[C@H]1O,Isomérico,"Induce apoptosis, modula estrés oxidativo y puede sensibilizar células tumorales a quimioterapia; evidencia in vitro e in vivo y varios reviews.",Review: https://pubmed.ncbi.nlm.nih.gov/34484407/  review: https://pubmed.ncbi.nlm.nih.gov/33054344/. 
43,Corilagina,ChEBI,O[C@@H]1[C@H]2COC(=O)c3cc(O)c(O)c(O)c3-c3c(O)c(O)c(O)cc3C(=O)O[C@@H]1[C@@H](O)[C@@H](O2)OC(=O)c1cc(O)c(O)c(O)c1,Isomérico,Ellagitannina con actividad antitumoral: induce detención del ciclo celular y apoptosis; modula STAT3/JAK y MAPK según tipo celular.,Review/estudios: https://pubmed.ncbi.nlm.nih.gov/31546767/  estudio: https://pubmed.ncbi.nlm.nih.gov/35234310/. 
44,Geraniína (Geraniin),ChEMBL,O=C1O[C@H]2[C@@H]3OC(=O)c4cc(O)c(O)c(O)c4-c4c(cc(O)c(O)c4O)C(=O)OC[C@H]2O[C@@H](OC(=O)c2cc(O)c(O)c(O)c2)[C@@H]3OC(=O)c2cc(O)c(O)c3c2[C@@H]2C1=CC(=O)[C@](O)(O3)C2(O)O,Isomérico,"Inhibe proliferación, induce apoptosis y suprime migración/invasión en varias líneas tumorales; actividad demostrada in vivo en xenoinjertos.",Estudios: https://pubmed.ncbi.nlm.nih.gov/32427739/  https://pubmed.ncbi.nlm.nih.gov/28590547/  review: https://pubmed.ncbi.nlm.nih.gov/38950635/. 
45,Filantina (Phyllanthin),ChEMBL,COC[C@@H](Cc1ccc(OC)c(OC)c1)[C@@H](COC)Cc1ccc(OC)c(OC)c1,Isomérico,"Compuesto lignanoide con estudios que muestran sinergia con doxorrubicina y actividad antiproliferativa en células resistentes (ej., mama resistente).",Estudio/PMC: https://pubmed.ncbi.nlm.nih.gov/37576627/ 
,,,,,,texto completo: https://pmc.ncbi.nlm.nih.gov/articles/PMC10413485/. 
46,Nirurina (Nirurin),PubChem,C[C@H]1[C@@H]([C@H]([C@H]([C@@H](O1)OC[C@@H]2[C@H]([C@@H]([C@H]([C@@H](O2)OC3=C(C(=C(C4=C3C(=O)CC(O4)C5=CC=C(C=C5)O)CC=C(C)C)O)O)O)O)O)O)O)O,Isomérico,Extractos de Phyllanthus niruri (asociados al nombre “niruri”/“nirurina” en trabajos etnofarmacológicos) muestran actividad antitumoral in vitro y en modelos preclínicos; inducen apoptosis y reducen viabilidad celular en varias líneas tumorales.,https://pubmed.ncbi.nlm.nih.gov/20192590/
,,,,,,https://pubmed.ncbi.nlm.nih.gov/23239439/ 
47,Epicatequina,DrugBank,O[C@@H]1CC2=C(O)C=C(O)C=C2O[C@@H]1C1=CC(O)=C(O)C=C1,Isomérico,Actividad anticancerígena reportada in vitro e in vivo: induce apoptosis y reduce proliferación en líneas tumorales; evidencia en revisiones y estudios experimentales.,https://pubmed.ncbi.nlm.nih.gov/26180580/
,,,,,,https://pubmed.ncbi.nlm.nih.gov/32106523/ 
48,Isovitexina,ChEMBL,O=c1cc(-c2ccc(O)cc2)oc2cc(O)c([C@@H]3O[C@H](CO)[C@@H](O)[C@H](O)[C@H]3O)c(O)c12,Isomérico,Actividad anticancerígena in vitro: inhibe 'stemness' y promueve apoptosis; estudios en colon y hepatocarcinoma.,https://pubmed.ncbi.nlm.nih.gov/32329692/
,,,,,,https://pubmed.ncbi.nlm.nih.gov/36984844/ 
49,Charantin,PubChem,CC[C@H](CC[C@@H](C)[C@H]1CC[C@@H]2[C@@]1(CC[C@H]3[C@H]2CC=C4[C@@]3(CC[C@@H](C4)O[C@H]5[C@@H]([C@H]([C@@H]([C@H](O5)CO)O)O)O)O)C)C)C(C)C. CC[C@H](CC[C@@H](C)[C@H]1CC[C@@H]2[C@@]1(CC[C@H]3[C@H]2CC=C4[C@@]3(CC[C@@H](C4)O[C@H]5[C@@H]([C@H]([C@@H]([C@H](O5)CO)O)O)O)O)C)C)C(=C)C,Isomérico,Compuesto de Momordica charantia con actividad anticancerígena reportada en extractos y metabolitos relacionados; efectos antiproliferativos en varios modelos.,https://pubmed.ncbi.nlm.nih.gov/32726914/ 
50,Momordicina I,ChEBI,CC(C)=CC(O)CC(C)C1CCC2(C)C3C(O)C=C4C(CCC(O)C4(C)C)C3(C=O)CCC12C,Canónico,"Momordicine-I muestra actividad antitumoral (in vitro e in vivo), inhibe crecimiento de tumores y señalización c-Met en cáncer de cabeza y cuello.",https://pubmed.ncbi.nlm.nih.gov/33801016/
,,,,,,
51,Momordicina II,PubChem,C[C@H](CC(C=C(C)C)O[C@H]1[C@@H]([C@H]([C@@H]([C@H](O1)CO)O)O)O)O)[C@H]2CC[C@@]3([C@@]2(CC[C@@]4([C@H]3[C@H](C=C5[C@H]4CC[C@@H](C5(C)C)O)O)C=O)C)C,Isomérico,Compuestos/extractos de Momordica spp. (incluyendo momordicina y otros glicósidos) han mostrado actividad antiproliferativa y proapoptótica en líneas celulares cancerosas; también hay estudios que reportan sinergia con quimioterapéuticos y reducción de migración/invasión en modelos preclínicos.,https://pmc.ncbi.nlm.nih.gov/articles/PMC3471438/
,,,,,,https://pubmed.ncbi.nlm.nih.gov/37550432/ 
52,Isorhamnetina,ChEBI,COc1cc(-c2oc3cc(O)cc(O)c3c(=O)c2O)ccc1O,Canónico,"Anticancerígeno: induce apoptosis, arresto del ciclo celular y reduce metastasis en varios estudios; revisiones disponibles.",https://pubmed.ncbi.nlm.nih.gov/40806510/
,,,,,,https://pubmed.ncbi.nlm.nih.gov/32502837/ 
,Astilbina,ChEMBL,C[C@@H]1O[C@@H](O[C@H]2C(=O)c3c(O)cc(O)cc3O[C@@H]2c2ccc(O)c(O)c2)[C@H](O)[C@H](O)[C@H]1O,Isomérico,Actividad anticancerígena reportada in vitro (inducción de apoptosis y reducción de proliferación en líneas OSCC y gástricas).,https://pubmed.ncbi.nlm.nih.gov/39196525/
,,,,,,https://pubmed.ncbi.nlm.nih.gov/39583813/ 
,Miricitrina,ChEBI,C[C@@H]1O[C@@H](Oc2c(oc3cc(O)cc(O)c3c2=O)-c2cc(O)c(O)c(O)c2)[C@H](O)[C@H](O)[C@H]1O,Isomérico,Derivado flavonoide (miricitrin/myricetin) con efectos antiproliferativos y pro-apoptóticos en múltiples estudios preclínicos.,https://pubmed.ncbi.nlm.nih.gov/37083713/
,,,,,,https://pubmed.ncbi.nlm.nih.gov/37340205/ 
53,Engeletina (engeletin),PubChem,C[C@H]1[C@@H]([C@H]([C@H]([C@@H](O1)O[C@@H]2[C@H](OC3=CC(=CC(=C3C2=O)O)O)C4=CC=C(C=C4)O)O)O)O,Isomérico,"Actividad antitumoral descrita (inhibe proliferación, induce apoptosis y reduce invasión/metástasis en modelos celulares y animales).",https://pubmed.ncbi.nlm.nih.gov/32447208/
,,,,,,https://pubmed.ncbi.nlm.nih.gov/38152488/ 
54,Friedelinol,PubChem,CC1C(CCC2C1(CCC3C2(CCC4(C3(CCC5(C4CC(CC5)(C)C)C)C)C)C)C)C)O,Canónico,Pentaciclico triterpenoide relacionado con efectos pro-apoptóticos y citotoxicidad en células cancerosas (varios estudios in vitro/in vivo).,https://pubmed.ncbi.nlm.nih.gov/38067489/
,,,,,,https://pubmed.ncbi.nlm.nih.gov/28638870/ 
55,Ilexgenina A,PubChem,C[C@@H]1CC[C@@]2(CC[C@@]3(C(=CC[C@H]4[C@]3(CC[C@@H]5[C@@]4(CC[C@@H]([C@]5(C)C(=O)O)O)C)C)[C@@H]2[C@]1(C)O)C)C(=O)O,Isomérico,Ilexgenin A muestra actividad anti-angiogénica y antiproliferativa; reduce crecimiento tumoral en modelos preclínicos.,https://pubmed.ncbi.nlm.nih.gov/27986624/
,,,,,,
56,Quassin,Pubchem,C[C@@H]1C=C(C(=O)[C@]2([C@H]1C[C@@H]3[C@@]4([C@@H]2C(=O)C(=C([C@@H]4CC(=O)O3)C)OC)C)C)OC,Isomérico,"Inhibir la síntesis de proteínas mediante la inhibición de la actividad de la enzima peptidil-transferasa ribosómica que se encarga de elongar la cadena proteica, una función éster en C6 o C15, dos grupos hidroxilos libres y un puente oximetileno entre C8 y C11 o C13 en el anillo C. Según Fukamiya et al. (2005), la naturaleza de la cadena en C15 es muy importante en las propiedades antileucémicas y antimaláricas de los quasinoides, así como en su habilidad para inducir diferenciación celular.",https://www.redalyc.org/pdf/856/85670502.pdf
,,,,,,
57,Neoquassin,Pubchem,C[C@@H]1C=C(C(=O)[C@]2([C@H]1C[C@@H]3[C@@]4([C@@H]2C(=O)C(=C([C@@H]4CC(O3)O)C)OC)C)C)OC,Isomérico,"Inhibir la síntesis de proteínas mediante la inhibición de la actividad de la enzima peptidil-transferasa ribosómica que se encarga de elongar la cadena proteica, una función éster en C6 o C15, dos grupos hidroxilos libres y un puente oximetileno entre C8 y C11 o C13 en el anillo C. Según Fukamiya et al. (2005), la naturaleza de la cadena en C15 es muy importante en las propiedades antileucémicas y antimaláricas de los quasinoides, así como en su habilidad para inducir diferenciación celular.",https://www.redalyc.org/pdf/856/85670502.pdf
,,,,,,
58,11-Dihidro-12-norneoquasina,Pubchem,CC1C=C(C(=O)C2(C1CC3C4(C2C(C(=O)C(C4CC(O3)O)C)O)C)C)OC,Canónico,Quassinoide relacionado con actividades citotóxicas y antitumorales reportadas para extractos de Quassia; su familia química muestra potencial antitumoral in vitro e in vivo.,https://www.redalyc.org/pdf/856/85670502.pdf 
59,Simalikalactona D,Pubchem,CC[C@@H](C)C(=O)O[C@@H]1[C@@H]2[C@]3([C@@H]([C@@H]([C@@H]4[C@@]2(CO3)[C@@H](C[C@@H]5[C@@]4([C@@H](C(=O)C=C5C)O)C)OC1=O)O)O)C,Isomérico,"Inhibir la síntesis proteica, estos compuestos, sin embargo, también ejercen cierto efecto en la apoptosis y diferenciación celular.",https://www.redalyc.org/pdf/856/85670502.pdf
60,Cardanol,ChEMBL,C=CC/C=C\C/C=C\CCCCCCCc1cccc(O)c1,Isomérico,Cardanol presenta actividad antiproliferativa y puede inducir arresto del ciclo y apoptosis en líneas tumorales (estudios en propóleo y extractos).,https://pubmed.ncbi.nlm.nih.gov/26694491/
,,,,,,
61,Cardol,ChEBI,CCCCCCCCCCCCCCCc1cc(O)cc(O)c1,Canónico,"Cardol muestra potente actividad antiproliferativa in vitro (p. ej. SW620), induce arresto de ciclo y apoptosis.",https://pubmed.ncbi.nlm.nih.gov/28472978/
,,,,,,
62,Citral,ChEBI,CC(C)=CCC/C(C)=C/C=O,Isomérico,Citral reduce crecimiento tumoral y actúa sobre células madre cancerígenas (inhibe ALDH1A3); múltiples estudios preclínicos.,https://pubmed.ncbi.nlm.nih.gov/27592281/
,,,,,,
63,Geraniol,DrugBank,CC(C)=CCC\C(C)=C\CO,Isomérico,Monoterpeno con actividad antitumoral en varios tipos de cáncer; modula múltiples vías y puede sensibilizar quimioterapia.,https://pubmed.ncbi.nlm.nih.gov/26983575/
,,,,,,https://pubmed.ncbi.nlm.nih.gov/35661738/ aparecen 3 compuestos más.
64,Linalol,ChEMBL,C=CC(C)(O)CCC=C(C)C,Canónico,Linalool muestra actividad antiproliferativa y pro-apoptótica en células tumorales; estudios y revisiones disponibles.,https://pubmed.ncbi.nlm.nih.gov/27956800/
,,,,,,https://pubmed.ncbi.nlm.nih.gov/35727696/ 
65,Carvona o carvone,ChEBI,C=C(C)C1CC=C(C)C(=O)C1,Canónico,"Monoterpeno (carvona) con actividad antiproliferativa y proapoptótica reportada en múltiples estudios; reduce adhesión, migración e invasión en células de cáncer de mama y mieloma, y provoca arresto del ciclo y apoptosis. Estudios in vivo e in vitro disponibles.",PubMed: https://pubmed.ncbi.nlm.nih.gov/30003746/  estudio en mama: https://pubmed.ncbi.nlm.nih.gov/37059214/  revisión de propiedades: https://pubmed.ncbi.nlm.nih.gov/34944447/. 
66,Piperitona,ChEMBL,CC1=CC(=O)C(C(C)C)CC1,Canónico,"Piperitona/piperitone (monoterpeno relacionado) y compuestos de Piper spp. muestran actividad quimiopreventiva y citotóxica; la literatura sobre 'piperitona' aislada es más limitada que la de piperina, pero extractos de Piper y derivados muestran efectos anticancerígenos.",Revisiones sobre piperine y compuestos de Piper: https://pubmed.ncbi.nlm.nih.gov/28545378/  revisión reciente: https://pubmed.ncbi.nlm.nih.gov/39467259/. 
67,Tagetenona,PubChem,CC(=CC(=O)/C=C(/C)\C=C)C,Isomérico,Diterpenoides y componentes volátiles de Tagetes (tagetenona y similares) han mostrado actividad citotóxica en fracciones y aceites esenciales contra líneas tumorales; hay estudios in vitro y aislamiento de nuevos metabolitos con citotoxicidad.,Estudios sobre Tagetes y compuestos citotóxicos: https://pubmed.ncbi.nlm.nih.gov/28807229/  estudio de extracto con efecto citotóxico: https://pubmed.ncbi.nlm.nih.gov/37894532/. 
68,Dihidrocarvona,ChEBI,C=C(C)[C@@H]1CC[C@@H](C)C(=O)C1,Isomérico,Dihydrocarvone (carvone-related) ha mostrado actividad citotóxica/anticancerígena en modelos preclínicos.,https://pubmed.ncbi.nlm.nih.gov/34944447/ 
69,Naringina,DrugBank,[H][C@@]1(O[C@@H]2[C@@H](O)[C@H](O)[C@@H](CO)O[C@H]2OC2=CC3=C(C(=O)C[C@H](O3)C3=CC=C(O)C=C3)C(O)=C2)O[C@@H](C)[C@H](O)[C@@H](O)[C@H]1O,Isomérico,"Naringin muestra actividad antitumoral en múltiples estudios: inhibe proliferación, induce apoptosis, reduce invasión/metástasis y puede aumentar sensibilidad a fármacos.",Review/estudios: https://pubmed.ncbi.nlm.nih.gov/35119637/   https://pubmed.ncbi.nlm.nih.gov/22213297/  review: https://pubmed.ncbi.nlm.nih.gov/PMC10469811/. 
70,Ácido cafeico,ChEMBL,O=C(O)/C=C/c1ccc(O)c(O)c1,Isomérico,"Caffeic acid y derivados (p. ej. CAPE) muestran efectos anticancerígenos: pro-apoptosis, anti-proliferación y moduladores de vías inflamatorias.",https://pubmed.ncbi.nlm.nih.gov/35359383/
,,,,,,https://pubmed.ncbi.nlm.nih.gov/39062873/ 
71,Ácido ferúlico,ChEBI,[H]C(=CC1=CC=C(O)C(OC)=C1)C(O)=O,Canónico,"Ferulic acid presenta actividad antitumoral en múltiples estudios preclínicos (inducción de apoptosis, inhibición de metastasis).",https://pubmed.ncbi.nlm.nih.gov/39347187/
,,,,,,https://pubmed.ncbi.nlm.nih.gov/40076243/ 
72,Metil eugenol,ChEMBL,C=CCc1ccc(OC)c(OC)c1,Canónico,Methyl eugenol ha mostrado efectos citotóxicos/anticancerígenos en células tumorales en estudios preclínicos y en combinación con otros agentes.,https://pubmed.ncbi.nlm.nih.gov/30358228/
,,,,,,https://pubmed.ncbi.nlm.nih.gov/25972998/  aparecen 1 compuestos más.
73,"1,8-Cineol",DrugBank,C[C@@]12CC[C@@H](CC1)C(C)(C)O2,Isomérico,"Muestra actividad antitumoral en varios estudios (in vitro y en modelos de xenoinjerto), induce apoptosis y estrés oxidativo en células cancerosas.",https://pubmed.ncbi.nlm.nih.gov/28651231/ 
74,Paclitaxel,Pubchem,CC1=C2[C@H](C(=O)[C@@]3([C@H](C[C@@H]4[C@]([C@H]3[C@@H]([C@@](C2(C)C)(C[C@@H]1OC(=O)[C@@H]([C@H](C5=CC=CC=C5)NC(=O)C6=CC=CC=C6)O)O)OC(=O)C7=CC=CC=C7)(CO4)OC(=O)C)O)C)OC(=O)C,Isomérico,"La percepción dominante, por lejos, ha sido que los efectos antitumorales del paclitaxel ocurren debido a su capacidad para detener las células en metafase en husos bipolares.","https://pmc.ncbi.nlm.nih.gov/articles/PMC4161504/#:~:text=El%20taxol%20(nombre%20gen%C3%A9rico:%20paclitaxel,como%20del%20sarcoma%20de%20Kaposi."
,,,,,,
75,Curcumina,DrugBank,COC1=CC(\C=C\C(=O)CC(=O)\C=C\C2=CC(OC)=C(O)C=C2)=CC=C1O,Isomérico,"Curcumina (curcuminoide principal de Curcuma longa) con amplia evidencia anticancerígena: inhibe proliferación, induce apoptosis, modula NF-_B, PI3K/AKT/mTOR, angiogénesis y metastasis; numerosos ensayos preclínicos y ensayos clínicos en fases tempranas.",Revisiones clave: https://pubmed.ncbi.nlm.nih.gov/30818786/  https://pubmed.ncbi.nlm.nih.gov/34572272/  revisión 2024: https://pubmed.ncbi.nlm.nih.gov/38863589/. 
76,Demetoxicurcumina,ChEMBL,COc1cc(/C=C/C(=O)CC(=O)/C=C/c2ccc(O)cc2)ccc1O,Isomérico,Demetoxicurcumina (DMC) presenta actividad antiproliferativa y proapoptótica; inhibe señales oncogénicas (p. ej. AKT/mTOR) y muestra efectos en modelos de glioma y otros tumores; se estudia también como análogo terapéutico.,Estudios específicos y revisiones: https://pubmed.ncbi.nlm.nih.gov/40449866/  https://pubmed.ncbi.nlm.nih.gov/23777448/  análogos: https://pubmed.ncbi.nlm.nih.gov/33221748/. 
77,Bisdemetoxicurcumina,ChEMBL,O=C(/C=C/c1ccc(O)cc1)CC(=O)/C=C/c1ccc(O)cc1,Isomérico,"BDMC muestra efectos antitumorales multimecanísticos: inhibición de proliferación, migración e invasión; induce apoptosis y potencia quimioterapia en modelos preclínicos (ej. próstata, pulmón, glioma).",Revisión y estudios: https://pubmed.ncbi.nlm.nih.gov/28075008/  potenciación con docetaxel: https://pubmed.ncbi.nlm.nih.gov/39143009/  estudios mecanísticos: https://pubmed.ncbi.nlm.nih.gov/26332341/. 
78,Ácido clorogénico,ChEBI,O[C@@H]1C[C@](O)(C[C@@H](OC(=O)\C=C\c2ccc(O)c(O)c2)[C@@H]1O)C(O)=O,Isomérico,"Ácido clorogénico (CGA) ejerce efectos anticancerígenos: inhibe proliferación, induce apoptosis, modula metabolismo y reduce crecimiento tumoral en modelos preclínicos; evidencia in vitro e in vivo y revisiones disponibles.",Revisiones y estudios: https://pubmed.ncbi.nlm.nih.gov/36243332/  revisión PMC: https://pmc.ncbi.nlm.nih.gov/articles/PMC6815948/
,,,,,,reseña 2024: https://pubmed.ncbi.nlm.nih.gov/38910475/. 
79,Ácido Sinápinico,PubChem,COC1=CC(=CC(=C1O)OC)/C=C\C(=O)O,Isomérico,"Ácido sinápico (sinapic acid) y sus derivados muestran actividad antiproliferativa, apoptótica y efectos sobre migración/invasión; evidencia en colon, páncreas, próstata y otros modelos preclínicos.",Estudios y revisiones: https://pubmed.ncbi.nlm.nih.gov/36996488/  https://pubmed.ncbi.nlm.nih.gov/29792952/  revisión: https://pubmed.ncbi.nlm.nih.gov/33988797/. 
80,Ácido p-cumárico,DrugBank,OC(=O)\C=C\C1=CC=C(O)C=C1,Isomérico,"Revisa mecanismos antitumorales: inducción de apoptosis, bloqueo del ciclo celular, actividad antiinflamatoria y reducción de clonogenicidad, especialmente en cáncer colorrectal y melanoma.",https://www.ncbi.nlm.nih.gov/pmc/articles/PMC9830577/ 
81,Ácido Protocatecuico,DrugBank,OC(=O)C1=CC=C(O)C(O)=C1,Canónico,"Amplio soporte como agente quimiopreventivo/anticancerígeno: antioxidante, pro-apoptótico, modulación de vías de señalización asociadas al cáncer.",https://www.ncbi.nlm.nih.gov/pmc/articles/PMC11012759/ 
82,Luteína,ChEMBL,CC1=C[C@H](O)CC(C)(C)[C@H]1/C=C/C(C)=C/C=C/C(C)=C/C=C/C=C(C)/C=C/C=C(C)/C=C/C1=C(C)C[C@@H](O)CC1(C)C,Isomérico,Varios estudios muestran actividad antiproliferativa y pro-apoptótica en líneas tumorales; puede aumentar ROS y afectar vías de supervivencia celular en dosis altas.,https://pubmed.ncbi.nlm.nih.gov/36770846/ 
83,Violaxantina,DrugBank,C\C(\C=C\C=C(/C)\C=C\[C@@]12O[C@]1(C)C[C@@H](O)CC2(C)C)=C/C=C/C=C(\C)/C=C/C=C(\C)/C=C/[C@@]12O[C@]1(C)C[C@@H](O)CC2(C)C,Isomérico,Antiproliferativa en líneas de cáncer mamario en estudios in vitro; además demuestra efectos antiinflamatorios por inhibición de NF-_B.,https://pubmed.ncbi.nlm.nih.gov/21673891/ 
84,Neoxantina,PubChem,C/C(=C\C=C\C=C(/C)\C=C\C=C(/C)\C=C=C1[C@](C[C@H](CC1(C)C)O)(C)O)/C=C/C=C(/C)\C=C\[C@]23[C@](O2)(C[C@H](CC3(C)C)O)C,Isomérico,Xantofila con reportes recientes de actividad anticancerígena y propiedades quimiopreventivas en estudios in vitro; investigación emergente sugiere inducción de apoptosis y actividad antioxidante.,https://pubmed.ncbi.nlm.nih.gov/38173069/ 
85,Ácido gálico,ChEBI,OC(=O)c1cc(O)c(O)c(O)c1,Canónico,"Amplia evidencia de actividad anticancerígena: induce apoptosis, modula JAK/STAT3 y otras vías, y potencia quimioterapéuticos en modelos celulares.",https://pubmed.ncbi.nlm.nih.gov/34755289/ 
86,Ácido Salicílico,DrugBank,OC(=O)C1=CC=CC=C1O,Canónico,Evidencia de actividad anticancerígena en combinación con fármacos (p. ej. cisplatino); también propiedades que promueven estrés reticular y apoptosis en modelos específicos.,https://www.ncbi.nlm.nih.gov/pmc/articles/PMC7665072/ 
87,Lupeol,DrugBank,[H][C@]12[C@@H](CC[C@]1(C)CC[C@]1(C)[C@]2([H])CC[C@]2([H])[C@@]3(C)CC[C@H](O)C(C)(C)[C@]3([H])CC[C@@]12C)C(C)=C,Isomérico,Triterpeno con actividad citotóxica demostrada en múltiples líneas celulares; induce apoptosis y modula vías como NF-_B y PI3K/Akt en modelos preclínicos.,https://pubmed.ncbi.nlm.nih.gov/23302759/ 
88,Mirceno,ChEBI,C=CC(=C)CC(=O)C=C(C)C,Canónico,"Terpenoides/terpenos: citotoxicidad, arresto del ciclo celular y apoptosis en múltiples líneas tumorales; revisiones recientes describen mecanismos. (Compuesto: Mirceno).",https://www.ncbi.nlm.nih.gov/pmc/articles/PMC8909202/ 
89,Limoneno,ChEMBL,C=C(C)C1CC=C(C)CC1,Canónico,"Terpenoides/terpenos: citotoxicidad, arresto del ciclo celular y apoptosis en múltiples líneas tumorales; revisiones recientes describen mecanismos. (Compuesto: Limoneno).",https://www.ncbi.nlm.nih.gov/pmc/articles/PMC8909202/ 
90,Acetogeninas anonáceas,PubChem,CCCCCCC(C(CCC(C1CCC(O1)CCCCC(CC2=CC(OC2=O)C)O)O)O)O,Canónico,Se han reportado efectos anticancerígenos para compuestos de esta clase en literatura revisada; revisar artículos específicos en PubMed/ScienceDirect. (Compuesto: Acetogeninas anonáceas).,https://www.ncbi.nlm.nih.gov/pmc/articles/PMC12011705/ 
91,Annocherina A,PubChem,COC1=C(C=C2C(=C1)C=CN=C2[C@H](C3=CC=C(C=C3)O)O)O,Isomérico,Se han reportado efectos anticancerígenos para compuestos de esta clase en literatura revisada; revisar artículos específicos en PubMed/ScienceDirect. (Compuesto: Annocherina A).,https://www.ncbi.nlm.nih.gov/pmc/articles/PMC12011705/ 
92,Annocherina B,ChEBI,O([C@H](C1=NC=CC=2C1=CC(O)=C(OC)C2)C3=CC=C(O)C=C3)C,Isomérico,Se han reportado efectos anticancerígenos para compuestos de esta clase en literatura revisada; revisar artículos específicos en PubMed/ScienceDirect. (Compuesto: Annocherina B).,https://www.ncbi.nlm.nih.gov/pmc/articles/PMC12011705/ 
93,Annomolina,ChEMBL,CCCCCCCCCCCCCC[C@H](O)[C@@H]1CC[C@@H](CCCCC[C@@H](O)[C@H](O)CC[C@@H](O)CC2=C[C@H](C)OC2=O)O1,Isomérico,Se han reportado efectos anticancerígenos para compuestos de esta clase en literatura revisada; revisar artículos específicos en PubMed/ScienceDirect. (Compuesto: Annomolina).,https://www.ncbi.nlm.nih.gov/pmc/articles/PMC12011705/ 
94,Anonaína,ChEMBI,[H][C@]12Cc3ccccc3-c3c4OCOc4cc(CCN1)c23,Isomérico,Se han reportado efectos anticancerígenos para compuestos de esta clase en literatura revisada; revisar artículos específicos en PubMed/ScienceDirect. (Compuesto: Anonaína).,https://www.ncbi.nlm.nih.gov/pmc/articles/PMC12011705/ 
95,Miricetina,DugBank,OC1=CC(O)=C2C(OC(=C(O)C2=O)C2=CC(O)=C(O)C(O)=C2)=C1,Canónico,"Flavonoides: antiproliferativos, pro-apoptóticos y moduladores de vías como NF-_B; extensas revisiones y estudios preclínicos disponibles. (Compuesto: Miricetina).",https://www.ncbi.nlm.nih.gov/pmc/articles/PMC11904581/ 
96,Ácido oleanólico,ChEMBL,CC1(C)CC[C@]2(C(=O)O)CC[C@]3(C)C(=CC[C@@H]4[C@@]5(C)CC[C@H](O)C(C)(C)[C@@H]5CC[C@]43C)[C@@H]2C1,Isomérico,"Compuestos fenólicos y ácidos fenólicos: inducción de apoptosis, inhibición del ciclo celular, y actividad quimiopreventiva. Ver revisión. (Compuesto: Ácido oleanólico).",https://www.ncbi.nlm.nih.gov/pmc/articles/PMC9657352/ 
97,Ácido ursólico,DrugBank,[H][C@@]12[C@@H](C)[C@H](C)CC[C@@]1(CC[C@]1(C)C2=CC[C@]2([H])[C@@]3(C)CC[C@H](O)C(C)(C)[C@]3([H])CC[C@@]12C)C(O)=O,Isomérico,"Compuestos fenólicos y ácidos fenólicos: inducción de apoptosis, inhibición del ciclo celular, y actividad quimiopreventiva. Ver revisión. (Compuesto: Ácido ursólico).",https://www.ncbi.nlm.nih.gov/pmc/articles/PMC9657352/ 
98,Dictamnina,ChEMBL,COc1c2ccccc2nc2occc12,Canónico,Se han reportado efectos anticancerígenos para compuestos de esta clase en literatura revisada; revisar artículos específicos en PubMed/ScienceDirect. (Compuesto: Dictamnina).,https://www.ncbi.nlm.nih.gov/pmc/articles/PMC12011705/ 
99,_-Fagarina (Gamma-fagarina),ChEBI,COc1c2ccoc2nc2c(OC)cccc12,Canónico,Se han reportado efectos anticancerígenos para compuestos de esta clase en literatura revisada; revisar artículos específicos en PubMed/ScienceDirect. (Compuesto: _-Fagarina (Gamma-fagarina)).,https://www.ncbi.nlm.nih.gov/pmc/articles/PMC12011705/ 
100,Skimianina (o Skimmianina),ChEMBL,COc1ccc2c(OC)c3ccoc3nc2c1OC,Canónico,Se han reportado efectos anticancerígenos para compuestos de esta clase en literatura revisada; revisar artículos específicos en PubMed/ScienceDirect. (Compuesto: Skimianina (o Skimmianina)).,https://www.ncbi.nlm.nih.gov/pmc/articles/PMC12011705/ 
101,Kokusaginina (o Coccusaginina),ChEBI,COc1cc2nc3occc3c(OC)c2cc1OC,Canónico,Se han reportado efectos anticancerígenos para compuestos de esta clase en literatura revisada; revisar artículos específicos en PubMed/ScienceDirect. (Compuesto: Kokusaginina (o Coccusaginina)).,https://www.ncbi.nlm.nih.gov/pmc/articles/PMC12011705/ 
102,Graveolina,ChEMBL,Cn1c(-c2ccc3c(c2)OCO3)cc(=O)c2ccccc21,Canónico,Se han reportado efectos anticancerígenos para compuestos de esta clase en literatura revisada; revisar artículos específicos en PubMed/ScienceDirect. (Compuesto: Graveolina).,https://www.ncbi.nlm.nih.gov/pmc/articles/PMC12011705/ 
103,Arborinina,ChEBI,COc1cc2c(c(O)c1OC)c(=O)c1ccccc1n2C,Canónico,Se han reportado efectos anticancerígenos para compuestos de esta clase en literatura revisada; revisar artículos específicos en PubMed/ScienceDirect. (Compuesto: Arborinina).,https://www.ncbi.nlm.nih.gov/pmc/articles/PMC12011705/ 
104,Naringenina,DrugBank,[H][C@]1(CC(=O)C2=C(O1)C=C(O)C=C2O)C1=CC=C(O)C=C1,Isomérico,"Flavonoides: antiproliferativos, pro-apoptóticos y moduladores de vías como NF-_B; extensas revisiones y estudios preclínicos disponibles. (Compuesto: Naringenina).",https://www.ncbi.nlm.nih.gov/pmc/articles/PMC11904581/ 
105,Taxifolina (Taxifolin),DrugBank,O[C@@H]1[C@H](OC2=CC(O)=CC(O)=C2C1=O)C1=CC=C(O)C(O)=C1,Isomérico,"Flavonoides: antiproliferativos, pro-apoptóticos y moduladores de vías como NF-_B; extensas revisiones y estudios preclínicos disponibles. (Compuesto: Taxifolina (Taxifolin)).",https://www.ncbi.nlm.nih.gov/pmc/articles/PMC11904581/ 
106,Diosmina,DrugBank,COC1=C(O)C=C(C=C1)C1=CC(=O)C2=C(O)C=C(O[C@@H]3O[C@H](CO[C@@H]4O[C@@H](C)[C@H](O)[C@@H](O)[C@H]4O)[C@@H](O)[C@H](O)[C@H]3O)C=C2O1,Isomérico,"Flavonoides: antiproliferativos, pro-apoptóticos y moduladores de vías como NF-_B; extensas revisiones y estudios preclínicos disponibles. (Compuesto: Diosmina).",https://www.ncbi.nlm.nih.gov/pmc/articles/PMC11904581/ 
107,Hesperidina,ChEBI,COc1ccc([C@@H]2CC(=O)c3c(O)cc(O[C@@H]4O[C@H](CO[C@@H]5O[C@@H](C)[C@H](O)[C@@H](O)[C@H]5O)[C@@H](O)[C@H](O)[C@H]4O)cc3O2)cc1O,Isomérico,"Flavonoides: antiproliferativos, pro-apoptóticos y moduladores de vías como NF-_B; extensas revisiones y estudios preclínicos disponibles. (Compuesto: Hesperidina).",https://www.ncbi.nlm.nih.gov/pmc/articles/PMC11904581/ 
108,Cirsimaritina,ChEMBL,COc1cc2oc(-c3ccc(O)cc3)cc(=O)c2c(O)c1OC,Canónico,Se han reportado efectos anticancerígenos para compuestos de esta clase en literatura revisada; revisar artículos específicos en PubMed/ScienceDirect. (Compuesto: Cirsimaritina).,https://www.ncbi.nlm.nih.gov/pmc/articles/PMC12011705/ 
109,Hispidulina,DrugBank,COC1=C(O)C2=C(OC(=CC2=O)C2=CC=C(O)C=C2)C=C1O,Canónico,"Flavonoides: antiproliferativos, pro-apoptóticos y moduladores de vías como NF-_B; extensas revisiones y estudios preclínicos disponibles. (Compuesto: Hispidulina).",https://www.ncbi.nlm.nih.gov/pmc/articles/PMC11904581/ 
110,Verbenona,DrugBank,CC1=CC(=O)[C@@H]2C[C@H]1C2(C)C,Isomérico,"Se han sintetizado derivados de (S)-verbenona (como SP-8356) con potente actividad anticancerígena: SP-8356 induce arresto del ciclo celular, apoptosis (caspasa-3/7) en células de cáncer de mama, y reduce la motilidad e invasión de células triple negativas (TNBC) e incluso en modelos in vivo.",Estudio clave: derivados de verbenona (SP-8356) en cáncer de mama. https://pubmed.ncbi.nlm.nih.gov/37772541/
,,,,,,Artículo en Scientific Reports sobre SP-8356: inhibe proliferación y metástasis.
,,,,,,https://www.nature.com/articles/s41598-019-41224-y?utm
,,,,,,Artículo PMC: efecto antitumoral de SP-8356. https://pmc.ncbi.nlm.nih.gov/articles/PMC10777321/ 
111,Ácido Carnósico,ChEBI,[H][C@@]12CCc3cc(C(C)C)c(O)c(O)c3[C@@]1(C(=O)O)CCCC2(C)C,Isomérico,"Compuestos fenólicos y ácidos fenólicos: inducción de apoptosis, inhibición del ciclo celular, y actividad quimiopreventiva. Ver revisión. (Compuesto: Ácido Carnósico).",https://www.ncbi.nlm.nih.gov/pmc/articles/PMC9657352/ 
112,Carnosol,ChEBI,[H][C@@]12C[C@@H]3OC(=O)[C@@]1(CCCC2(C)C)c1c3cc(C(C)C)c(O)c1O,Isomérico,"Compuestos fenólicos y ácidos fenólicos: inducción de apoptosis, inhibición del ciclo celular, y actividad quimiopreventiva. Ver revisión. (Compuesto: Carnosol).",https://www.ncbi.nlm.nih.gov/pmc/articles/PMC9657352/ 
113,_-cariofileno,DrugBank,[H][C@]12CC(C)(C)[C@]1([H])CC\C(C)=C/CCC2=C,Isomérico,"Terpenoides/terpenos: citotoxicidad, arresto del ciclo celular y apoptosis en múltiples líneas tumorales; revisiones recientes describen mecanismos. (Compuesto: _-cariofileno).",https://www.ncbi.nlm.nih.gov/pmc/articles/PMC8909202/ 
114,Humuleno,ChEMBL,C/C1=C\CC/C(C)=C/CC(C)(C)/C=C/C1,Isomérico,"Terpenoides/terpenos: citotoxicidad, arresto del ciclo celular y apoptosis en múltiples líneas tumorales; revisiones recientes describen mecanismos. (Compuesto: Humuleno).",https://www.ncbi.nlm.nih.gov/pmc/articles/PMC8909202/ 
115,Boldina,ChEMBL,COc1cc2c(cc1O)C[C@H]1c3c(cc(O)c(OC)c3-2)CCN1C,Isomérico,Se han reportado efectos anticancerígenos para compuestos de esta clase en literatura revisada; revisar artículos específicos en PubMed/ScienceDirect. (Compuesto: Boldina).,https://www.ncbi.nlm.nih.gov/pmc/articles/PMC12011705/ 
116,Ramnetina,ChEBI,COc1cc(O)c2c(c1)oc(-c1ccc(O)c(O)c1)c(O)c2=O,Canónico,Se han reportado efectos anticancerígenos para compuestos de esta clase en literatura revisada; revisar artículos específicos en PubMed/ScienceDirect. (Compuesto: Ramnetina).,https://www.ncbi.nlm.nih.gov/pmc/articles/PMC12011705/ 
117,Isorhamnetol,ChEBI,COc1cc(ccc1O)-c1oc2cc(O)cc(O)c2c(=O)c1O,Canónico,Se han reportado efectos anticancerígenos para compuestos de esta clase en literatura revisada; revisar artículos específicos en PubMed/ScienceDirect. (Compuesto: Isorhamnetol).,https://www.ncbi.nlm.nih.gov/pmc/articles/PMC12011705/ 
118,Alicina,DrugBank,C=CCSS(=O)CC=C,Canónico,"Compuestos sulfurados (ajo): actividad quimiopreventiva y citotóxica reportada, mecanismos incluyen apoptosis mitocondrial y modulación redox. (Compuesto: Alicina).",https://www.ncbi.nlm.nih.gov/pmc/articles/PMC10067574/ 
119,Dialil trisulfano,ChEBI,C=CCSSSCC=C,Canónico,"Compuestos sulfurados (ajo): actividad quimiopreventiva y citotóxica reportada, mecanismos incluyen apoptosis mitocondrial y modulación redox. (Compuesto: Dialil trisulfano).",https://www.ncbi.nlm.nih.gov/pmc/articles/PMC10067574/ 
120,Disulfuro de dialilo,ChEMBL,C=CCSSCC=C,Canónico,"Compuestos sulfurados (ajo): actividad quimiopreventiva y citotóxica reportada, mecanismos incluyen apoptosis mitocondrial y modulación redox. (Compuesto: Disulfuro de dialilo).",https://www.ncbi.nlm.nih.gov/pmc/articles/PMC10067574/ 
121,Ajoene,ChEMBL,C=CCSS/C=C/C[S+]([O-])CC=C,Isomérico,"Compuestos sulfurados (ajo): actividad quimiopreventiva y citotóxica reportada, mecanismos incluyen apoptosis mitocondrial y modulación redox. (Compuesto: Ajoene).",https://www.ncbi.nlm.nih.gov/pmc/articles/PMC10067574/ 
122,Anonaina (Annonaine),ChEBI,[H][C@@]12Cc3ccccc3-c3c4c(cc(c31)CCN2)OCO4,Isomérico,Alcaloides: inducción de apoptosis y arresto del ciclo celular; muchos alcaloides han mostrado potencial antitumoral en estudios preclínicos. (Compuesto: Anonaina (Annonaine)).,https://pubmed.ncbi.nlm.nih.gov/31228447/ 
123,Asimilobina (Asimilobine),ChEMBL,COc1c(O)cc2c3c1-c1ccccc1C[C@@H]3NCC2,Isomérico,Alcaloides: inducción de apoptosis y arresto del ciclo celular; muchos alcaloides han mostrado potencial antitumoral en estudios preclínicos. (Compuesto: Asimilobina (Asimilobine)).,https://pubmed.ncbi.nlm.nih.gov/31228447/ 
124,Reticulina (Reticuline),ChEBI,COc1ccc(C[C@H]2c3cc(O)c(OC)cc3CCN2C)cc1O,Isomérico,Alcaloides: inducción de apoptosis y arresto del ciclo celular; muchos alcaloides han mostrado potencial antitumoral en estudios preclínicos. (Compuesto: Reticulina (Reticuline)).,https://pubmed.ncbi.nlm.nih.gov/31228447/ 
125,D-Limonene,DrugBank,CC(=C)[C@@H]1CCC(C)=CC1,Isomérico,"D-limoneno tiene amplia evidencia preclínica (y revisiones) que describen actividad quimiopreventiva y citotóxica: inhibe iniciación y crecimiento tumoral, promueve apoptosis, afecta vías Ras/ERK y PI3K/Akt, y reduce angiogénesis en modelos animales e in vitro; existen revisiones sistemáticas y ensayos clínicos preliminares en el área.",https://pubmed.ncbi.nlm.nih.gov/33864293/
,,,,,,https://pubmed.ncbi.nlm.nih.gov/33289132/
,,,,,,https://bmccancer.biomedcentral.com/articles/10.1186/s12885-021-08639-1 
126,_-Cadinene,ChEMBL,CC1=C[C@@H]2C(=C(C)CC[C@H]2C(C)C)CC1,Isomérico,"Terpenoides/terpenos: citotoxicidad, arresto del ciclo celular y apoptosis en múltiples líneas tumorales; revisiones recientes describen mecanismos. (Compuesto: _-Cadinene).",https://www.ncbi.nlm.nih.gov/pmc/articles/PMC8909202/ 
,,,,,,
127,_-Muurolene,ChEBI,[H][C@@]12C=C(C)CC[C@]1([H])C(C)=CC[C@H]2C(C)C,Isomérico,"Terpenoides/terpenos: citotoxicidad, arresto del ciclo celular y apoptosis en múltiples líneas tumorales; revisiones recientes describen mecanismos. (Compuesto: _-Muurolene).",https://www.ncbi.nlm.nih.gov/pmc/articles/PMC8909202/ 
,,,,,,
128,_ -Guaieno,PubChem,C[C@H]1CCC(=C(C)C)CC2=C1CC[C@@H]2C,Isomérico,Se han reportado efectos anticancerígenos para compuestos de esta clase en literatura revisada; revisar artículos específicos en PubMed/ScienceDirect. (Compuesto: _ -Guaieno).,https://www.ncbi.nlm.nih.gov/pmc/articles/PMC12011705/ 
129,Cadinol,PubChem,CC1=CC2[C@@H](CC[C@@](C2CC1)(C)O)C(C)C,Isomérico,"Terpenoides/terpenos: citotoxicidad, arresto del ciclo celular y apoptosis en múltiples líneas tumorales; revisiones recientes describen mecanismos. (Compuesto: Cadinol).",https://www.ncbi.nlm.nih.gov/pmc/articles/PMC8909202/ 
130,Narcisina (Narcissin),ChEMBL,COc1cc(-c2oc3cc(O)cc(O)c3c(=O)c2O[C@@H]2O[C@H](CO[C@@H]3O[C@@H](C)[C@H](O)[C@@H](O)[C@H]3O)[C@@H](O)[C@H](O)[C@H]2O)ccc1O,Isomérico,Se han reportado efectos anticancerígenos para compuestos de esta clase en literatura revisada; revisar artículos específicos en PubMed/ScienceDirect. (Compuesto: Narcisina (Narcissin)).,https://www.ncbi.nlm.nih.gov/pmc/articles/PMC12011705/ 
131,Nicotiflorina (Nicotiflorin),ChEMBL,C[C@@H]1O[C@@H](OC[C@H]2O[C@@H](Oc3c(-c4ccc(O)cc4)oc4cc(O)cc(O)c4c3=O)[C@H](O)[C@@H](O)[C@@H]2O)[C@H](O)[C@H](O)[C@H]1O,Isomérico,Se han reportado efectos anticancerígenos para compuestos de esta clase en literatura revisada; revisar artículos específicos en PubMed/ScienceDirect. (Compuesto: Nicotiflorina (Nicotiflorin)).,https://www.ncbi.nlm.nih.gov/pmc/articles/PMC12011705/ 
132,_-carbolina,ChEMBL,c1ccc2c(c1)[nH]c1cnccc12,Canónico,Se han reportado efectos anticancerígenos para compuestos de esta clase en literatura revisada; revisar artículos específicos en PubMed/ScienceDirect. (Compuesto: _-carbolina).,https://www.ncbi.nlm.nih.gov/pmc/articles/PMC12011705/ 
133,Retronecina,ChEBI,[H][C@]12C(CO)=CCN1CC[C@H]2O,Isomérico,Alcaloides: inducción de apoptosis y arresto del ciclo celular; muchos alcaloides han mostrado potencial antitumoral en estudios preclínicos. (Compuesto: Retronecina).,https://pubmed.ncbi.nlm.nih.gov/31228447/ 
134,Lindelofidina (Lindelofina),Pubchem,C[C@H]([C@@](C(C)C)(C(=O)OC[C@@H]1CCN2[C@@H]1CCC2)O)O,Isomérico,Alcaloides: inducción de apoptosis y arresto del ciclo celular; muchos alcaloides han mostrado potencial antitumoral en estudios preclínicos. (Compuesto: Lindelofidina (Lindelofina)).,https://pubmed.ncbi.nlm.nih.gov/31228447/ 
135,Supinidina,Pubchem,C1CC2C(=CCN2C1)CO,Canónico,Se han reportado efectos anticancerígenos para compuestos de esta clase en literatura revisada; revisar artículos específicos en PubMed/ScienceDirect. (Compuesto: Supinidina).,https://www.ncbi.nlm.nih.gov/pmc/articles/PMC12011705/ 
136,Trachelanthamidina,ChEBI,[H][C@@]12CCCN1CC[C@H]2CO,Isomérico,Alcaloides: inducción de apoptosis y arresto del ciclo celular; muchos alcaloides han mostrado potencial antitumoral en estudios preclínicos. (Compuesto: Trachelanthamidina).,https://pubmed.ncbi.nlm.nih.gov/31228447/ 
137,Espermidina,DrugBank,NCCCCNCCCN,Canónico,Se han reportado efectos anticancerígenos para compuestos de esta clase en literatura revisada; revisar artículos específicos en PubMed/ScienceDirect. (Compuesto: Espermidina).,https://www.ncbi.nlm.nih.gov/pmc/articles/PMC12011705/ 
138,Espermina,ChEMBL,NCCCNCCCCNCCCN,Canónico,Se han reportado efectos anticancerígenos para compuestos de esta clase en literatura revisada; revisar artículos específicos en PubMed/ScienceDirect. (Compuesto: Espermina).,https://www.ncbi.nlm.nih.gov/pmc/articles/PMC12011705/ 
139,Putrescina,Pubchem,C(C[11CH2]N)CN,Canónico,Se han reportado efectos anticancerígenos para compuestos de esta clase en literatura revisada; revisar artículos específicos en PubMed/ScienceDirect. (Compuesto: Putrescina).,https://www.ncbi.nlm.nih.gov/pmc/articles/PMC12011705/ 
140,_-pineno,Pubchem,CC1(C2CCC(=C)C1C2)C,Canónico,Se han reportado efectos anticancerígenos para compuestos de esta clase en literatura revisada; revisar artículos específicos en PubMed/ScienceDirect. (Compuesto: _-pineno).,https://www.ncbi.nlm.nih.gov/pmc/articles/PMC12011705/ 
141,Linalool,ChEMBL,C=CC(C)(O)CCC=C(C)C,Canónico,"Constituyentes de aceites esenciales (p.ej. 1,8-cineol, linalool): muestran actividad antiproliferativa y pro-apoptótica en estudios in vitro y algunos in vivo. (Compuesto: Linalool).",https://www.ncbi.nlm.nih.gov/pmc/articles/PMC4266698/ 
142,Galangina,ChEMBL,O=c1c(O)c(-c2ccccc2)oc2cc(O)cc(O)c12,Canónico,Se han reportado efectos anticancerígenos para compuestos de esta clase en literatura revisada; revisar artículos específicos en PubMed/ScienceDirect. (Compuesto: Galangina).,https://www.ncbi.nlm.nih.gov/pmc/articles/PMC12011705/ 
143,Pinocembrina,ChEMBL,O=C1C[C@@H](c2ccccc2)Oc2cc(O)cc(O)c21,Isomérico,"Flavonoides: antiproliferativos, pro-apoptóticos y moduladores de vías como NF-_B; extensas revisiones y estudios preclínicos disponibles. (Compuesto: Pinocembrina).",https://www.ncbi.nlm.nih.gov/pmc/articles/PMC11904581/ 
144,Crisina,PubChem,C1=CC=C(C=C1)C2=CC(=O)C3=C(C=C(C=C3O2)O)O,Canónico,"Flavonoides: antiproliferativos, pro-apoptóticos y moduladores de vías como NF-_B; extensas revisiones y estudios preclínicos disponibles. (Compuesto: Crisina).",https://www.ncbi.nlm.nih.gov/pmc/articles/PMC11904581/ 
145,Eriodictyol,ChEMBL,O=C1C[C@@H](c2ccc(O)c(O)c2)Oc2cc(O)cc(O)c21,Isomérico,"Flavonoides: antiproliferativos, pro-apoptóticos y moduladores de vías como NF-_B; extensas revisiones y estudios preclínicos disponibles. (Compuesto: Eriodictyol).",https://www.ncbi.nlm.nih.gov/pmc/articles/PMC11904581/ 
146,Tricetina,DrugBank,OC1=CC(O)=C2C(=O)C=C(OC2=C1)C1=CC(O)=C(O)C(O)=C1,Canónico,Se han reportado efectos anticancerígenos para compuestos de esta clase en literatura revisada; revisar artículos específicos en PubMed/ScienceDirect. (Compuesto: Tricetina).,https://www.ncbi.nlm.nih.gov/pmc/articles/PMC12011705/ 
147,Sakuranetin,ChEMBL,COc1cc(O)c2c(c1)O[C@H](c1ccc(O)cc1)CC2=O,Isomérico,"Flavonoides: antiproliferativos, pro-apoptóticos y moduladores de vías como NF-_B; extensas revisiones y estudios preclínicos disponibles. (Compuesto: Sakuranetin).",https://www.ncbi.nlm.nih.gov/pmc/articles/PMC11904581/ 
148,Sílice,DrugBank,O=[Si]=O,Canónico,Se han reportado efectos anticancerígenos para compuestos de esta clase en literatura revisada; revisar artículos específicos en PubMed/ScienceDirect. (Compuesto: Sílice).,https://www.ncbi.nlm.nih.gov/pmc/articles/PMC12011705/ 
149,Equisetina,PubChem,C/C=C/[C@@H]1C=C[C@@H]2C[C@@H](CC[C@H]2[C@]1(C)/C(=C\3/C(=O)[C@@H](N(C3=O)C)CO)/O)C,Isomérico,Se han reportado efectos anticancerígenos para compuestos de esta clase en literatura revisada; revisar artículos específicos en PubMed/ScienceDirect. (Compuesto: Equisetina).,https://www.ncbi.nlm.nih.gov/pmc/articles/PMC12011705/ 
150,Hiperósido,ChEMBL,O=c1c(O[C@@H]2O[C@H](CO)[C@H](O)[C@H](O)[C@H]2O)c(-c2ccc(O)c(O)c2)oc2cc(O)cc(O)c12,Isomérico,Se han reportado efectos anticancerígenos para compuestos de esta clase en literatura revisada; revisar artículos específicos en PubMed/ScienceDirect. (Compuesto: Hiperósido).,https://www.ncbi.nlm.nih.gov/pmc/articles/PMC12011705/ 
151,Taspina,PubChem,CN(C)CCC1=CC(=C2C3=C1C(=O)OC4=C(C=CC(=C34)C(=O)O2)OC)OC,Canónico,Se han reportado efectos anticancerígenos para compuestos de esta clase en literatura revisada; revisar artículos específicos en PubMed/ScienceDirect. (Compuesto: Taspina).,https://www.ncbi.nlm.nih.gov/pmc/articles/PMC12011705/ 
152,Epigalocatequina,ChEBI,O[C@@H]1Cc2c(O)cc(O)cc2O[C@@H]1c1cc(O)c(O)c(O)c1,Isomérico,Se han reportado efectos anticancerígenos para compuestos de esta clase en literatura revisada; revisar artículos específicos en PubMed/ScienceDirect. (Compuesto: Epigalocatequina).,https://www.ncbi.nlm.nih.gov/pmc/articles/PMC12011705/ 
153,Genisteína,DrugBank,OC1=CC=C(C=C1)C1=COC2=C(C(O)=CC(O)=C2)C1=O,Canónico,"Alta pleiotropía y baja biodisponibilidad. El primero se refiere a la capacidad de un compuesto dado para actuar a varios niveles en las células, desencadenando al mismo tiempo varias vías bioquímicas involucradas en la aparición y desarrollo del cáncer (es decir, detención del ciclo celular, apoptosis, muerte celular).",https://pmc.ncbi.nlm.nih.gov/articles/PMC4496735/#sec30
,,,,,,
154,Daidzeína,ChEMBL,O=c1c(-c2ccc(O)cc2)coc2cc(O)ccc12,Canónico,"Inhibe la invasión de células de cáncer de mama humano MDA-MB-231 en parte a través de la regulación negativa de la expresión de MMP-2, con efectos equipotentes observados para la isoflavona parental daidzeína y los enantiómeros de equol.",https://pubmed.ncbi.nlm.nih.gov/23568763/
,,,,,,
155,Berberina,DrugBank,COC1=CC=C2C=C3C4=CC5=C(OCO5)C=C4CC[N+]3=CC2=C1OC,Canónico,Alcaloides: inducción de apoptosis y arresto del ciclo celular; muchos alcaloides han mostrado potencial antitumoral en estudios preclínicos. (Compuesto: Berberina).,https://pubmed.ncbi.nlm.nih.gov/31228447/ 
156,_-amirina,ChEMBL,CC1(C)CC[C@]2(C)CC[C@]3(C)C(=CC[C@@H]4[C@@]5(C)CC[C@H](O)C(C)(C)[C@@H]5CC[C@]43C)[C@@H]2C1,Isomérico,"Terpenoides/terpenos: citotoxicidad, arresto del ciclo celular y apoptosis en múltiples líneas tumorales; revisiones recientes describen mecanismos. (Compuesto: _-amirina).",https://www.ncbi.nlm.nih.gov/pmc/articles/PMC8909202/ 
157,Queleritrina,DrugBank,COC1=CC=C2C(C=[N+](C)C3=C2C=CC2=CC4=C(OCO4)C=C32)=C1OC,Canónico,"Intervenir en la progresión tumoral e inhibir el crecimiento tumoral de diversas maneras, como la inducción de la apoptosis de células cancerosas, la detención del ciclo celular, la prevención de la invasión tumoral y la metástasis, la muerte celular mediada por autofagia, la unión selectiva al G-cuádruplex telomérico y la inhibición potente de la actividad de la telomerasa mediante la estabilización del G-cuádruplex, las especies reactivas de oxígeno (ROS), la proteína quinasa activada por mitógenos (MAPK) y la PKC.",https://pmc.ncbi.nlm.nih.gov/articles/PMC9198297/#s1
,,,,,,
158,Protopina,ChEMBL,CN1CCc2cc3c(cc2C(=O)Cc2ccc4c(c2C1)OCO4)OCO3,Canónico,Es regula la vía de señalización ROS/PI3K/Akt y la vía intrínseca.,https://pmc.ncbi.nlm.nih.gov/articles/PMC8746401/#sec4-molecules-27-00215
,,,,,Induce apoptosis y autofagia al estabilizar p53.,
,,,,,Antiadherente y antiinvasivo.,
,,,,,Regula la actividad de Cdk1 y la familia de proteínas Bcl-2.,
,,,,,,
159,Sanguinarina,ChEBI,C[n+]1cc2c3OCOc3ccc2c2ccc3cc4OCOc4cc3c12,Canónico,Alcaloides: inducción de apoptosis y arresto del ciclo celular; muchos alcaloides han mostrado potencial antitumoral en estudios preclínicos. (Compuesto: Sanguinarina).,https://pubmed.ncbi.nlm.nih.gov/31228447/ 
160,Columbamina,ChEMBL,COc1cc2c(cc1O)-c1cc3ccc(OC)c(OC)c3c[n+]1CC2,Canónico,Alcaloides: inducción de apoptosis y arresto del ciclo celular; muchos alcaloides han mostrado potencial antitumoral en estudios preclínicos. (Compuesto: Columbamina).,https://pubmed.ncbi.nlm.nih.gov/31228447/ 
161,Baicaleína,DrugBank,OC1=CC2=C(C(O)=C1O)C(=O)C=C(O2)C1=CC=CC=C1,Canónico,"Flavonoides: antiproliferativos, pro-apoptóticos y moduladores de vías como NF-_B; extensas revisiones y estudios preclínicos disponibles. (Compuesto: Baicaleína).",https://www.ncbi.nlm.nih.gov/pmc/articles/PMC11904581/ 
162,Baicalina,ChEBI,O[C@@H]1[C@@H](O)[C@H](OC2=CC3=C(C(=O)C=C(O3)C3=CC=CC=C3)C(O)=C2O)O[C@@H]([C@H]1O)C(O)=O,Isomérico,"Flavonoides: antiproliferativos, pro-apoptóticos y moduladores de vías como NF-_B; extensas revisiones y estudios preclínicos disponibles. (Compuesto: Baicalina).",https://www.ncbi.nlm.nih.gov/pmc/articles/PMC11904581/ 
163,Aucubina,ChEMBL,OCC1=C[C@@H](O)[C@@H]2C=CO[C@@H](O[C@@H]3O[C@H](CO)[C@@H](O)[C@H](O)[C@H]3O)[C@H]12,Isomérico,Se han reportado efectos anticancerígenos para compuestos de esta clase en literatura revisada; revisar artículos específicos en PubMed/ScienceDirect. (Compuesto: Aucubina).,https://www.ncbi.nlm.nih.gov/pmc/articles/PMC12011705/ 
164,Ácido vainílico,DrugBank,COC1=CC(=CC=C1O)C([O-])=O,Canónico,"Compuestos fenólicos y ácidos fenólicos: inducción de apoptosis, inhibición del ciclo celular, y actividad quimiopreventiva. Ver revisión. (Compuesto: Ácido vainílico).",https://www.ncbi.nlm.nih.gov/pmc/articles/PMC9657352/ 
165,Piperolactam A,Pubchem,COC1=C(C2=C3C(=C1)C(=O)NC3=CC4=CC=CC=C42)O,Canónico,Se han reportado efectos anticancerígenos para compuestos de esta clase en literatura revisada; revisar artículos específicos en PubMed/ScienceDirect. (Compuesto: Piperolactam A).,https://www.ncbi.nlm.nih.gov/pmc/articles/PMC12011705/ 
166,Piperlonguminina,ChEBI,O1C2=C(OC1)C=CC(=C2)/C=C/C=C/C(=O)NCC(C)C,Isomérico,"Terpenoides/terpenos: citotoxicidad, arresto del ciclo celular y apoptosis en múltiples líneas tumorales; revisiones recientes describen mecanismos. (Compuesto: Piperlonguminina).",https://www.ncbi.nlm.nih.gov/pmc/articles/PMC8909202/ 
167,Piperaduncina A,ChEMBL,COC(=O)c1ccc(O)c(C(C=C(C)C)c2c(OC)cc(O)c(C(=O)CCc3ccccc3)c2O)c1,Canónico,Se han reportado efectos anticancerígenos para compuestos de esta clase en literatura revisada; revisar artículos específicos en PubMed/ScienceDirect. (Compuesto: Piperaduncina A).,https://www.ncbi.nlm.nih.gov/pmc/articles/PMC12011705/ 
168,Dillapiol,ChEMBL,C=CCc1cc2c(c(OC)c1OC)OCO2,Canónico,"Terpenoides/terpenos: citotoxicidad, arresto del ciclo celular y apoptosis en múltiples líneas tumorales; revisiones recientes describen mecanismos. (Compuesto: Dillapiol).",https://www.ncbi.nlm.nih.gov/pmc/articles/PMC8909202/ 
169,Nerolidol,ChEBI,[H]C(CCC(C)(O)C=C)=C(C)CCC=C(C)C,Canónico,"Nerolidol ha mostrado actividad antiproliferativa y pro-apoptótica en estudios in vitro, incluyendo trabajos en leucemia y otros tipos celulares; se ha estudiado su mecanismo relacionado con la inducción de apoptosis y arresto del ciclo celular.",https://pubmed.ncbi.nlm.nih.gov/39817573/ 
,,,,,,
,,,,,,
,,,,,,
,,,,,,
,,,,,,
,,,,,,
,,,,,,
,,,,,,
,,,,,,
,,,,,,
,,,,,,
,,,,,,
,,,,,,
,,,,,,
,,,,,,
,,,,,,
,,,,,,
,,,,,,
,,,,,,
,,,,,,
,,,,,,
,,,,,,
,,,,,,
,,,,,,
,,,,,,
,,,,,,
,,,,,,
,,,,,,
,,,,,,
,,,,,,
,,,,,,
,,,,,,
,,,,,,
,,,,,,
,,,,,,
,,,,,,
,,,,,,
,,,,,,
,,,,,,
,,,,,,
,,,,,,
,,,,,,
,,,,,,
,,,,,,
,,,,,,
,,,,,,
,,,,,,
,,,,,,
,,,,,,
,,,,,,
,,,,,,
,,,,,,
,,,,,,
,,,,,,
,,,,,,
,,,,,,
,,,,,,
,,,,,,
,,,,,,
,,,,,,
,,,,,,
,,,,,,
,,,,,,
,,,,,,
,,,,,,
,,,,,,
,,,,,,
,,,,,,
,,,,,,
,,,,,,
,,,,,,
,,,,,,
,,,,,,
,,,,,,
,,,,,,
,,,,,,
,,,,,,
,,,,,,
,,,,,,
,,,,,,
,,,,,,
,,,,,,
,,,,,,
,,,,,,
,,,,,,
,,,,,,
,,,,,,
,,,,,,
,,,,,,
,,,,,,
,,,,,,
,,,,,,
,,,,,,
,,,,,,
,,,,,,
,,,,,,
,,,,,,
,,,,,,
,,,,,,
,,,,,,
,,,,,,
,,,,,,
,,,,,,
,,,,,,
,,,,,,
,,,,,,
,,,,,,
,,,,,,
,,,,,,
,,,,,,
,,,,,,
,,,,,,
,,,,,,
,,,,,,
,,,,,,
,,,,,,
,,,,,,
,,,,,,
,,,,,,
,,,,,,
,,,,,,
,,,,,,
,,,,,,
,,,,,,
,,,,,,
,,,,,,
,,,,,,
,,,,,,
,,,,,,
,,,,,,
,,,,,,
,,,,,,
,,,,,,
,,,,,,
,,,,,,
,,,,,,
,,,,,,
,,,,,,
,,,,,,
,,,,,,
,,,,,,
,,,,,,
,,,,,,
,,,,,,
,,,,,,
,,,,,,
,,,,,,
,,,,,,
,,,,,,
,,,,,,
,,,,,,
,,,,,,
,,,,,,
,,,,,,
,,,,,,
,,,,,,
,,,,,,
,,,,,,
,,,,,,
,,,,,,
,,,,,,
,,,,,,
,,,,,,
,,,,,,
,,,,,,
,,,,,,
,,,,,,
,,,,,,
,,,,,,
,,,,,,
,,,,,,
,,,,,,
,,,,,,
,,,,,,
,,,,,,
,,,,,,
,,,,,,
,,,,,,
,,,,,,
,,,,,,
,,,,,,
,,,,,,
,,,,,,
,,,,,,
,,,,,,
,,,,,,
,,,,,,
,,,,,,
,,,,,,
,,,,,,
,,,,,,
,,,,,,
,,,,,,
,,,,,,
,,,,,,
,,,,,,
,,,,,,
,,,,,,
,,,,,,
,,,,,,
,,,,,,
,,,,,,
,,,,,,
,,,,,,
,,,,,,
,,,,,,
,,,,,,
,,,,,,
,,,,,,
,,,,,,
,,,,,,
,,,,,,
,,,,,,
,,,,,,
,,,,,,
,,,,,,
,,,,,,
,,,,,,
,,,,,,
,,,,,,
,,,,,,
,,,,,,
,,,,,,
,,,,,,
,,,,,,
,,,,,,
,,,,,,
,,,,,,
,,,,,,
,,,,,,
,,,,,,
,,,,,,
,,,,,,
,,,,,,
,,,,,,
,,,,,,
,,,,,,
,,,,,,
,,,,,,
,,,,,,
,,,,,,
,,,,,,
,,,,,,
,,,,,,
,,,,,,
,,,,,,
,,,,,,
,,,,,,
,,,,,,
,,,,,,
,,,,,,
,,,,,,
,,,,,,
,,,,,,
,,,,,,
,,,,,,
,,,,,,
,,,,,,
,,,,,,
,,,,,,
,,,,,,
,,,,,,
,,,,,,
,,,,,,
,,,,,,
,,,,,,
,,,,,,
,,,,,,
,,,,,,
,,,,,,
,,,,,,
,,,,,,
,,,,,,
,,,,,,
,,,,,,
,,,,,,
,,,,,,
,,,,,,
,,,,,,
,,,,,,
,,,,,,
,,,,,,
,,,,,,
,,,,,,
,,,,,,
,,,,,,
,,,,,,
,,,,,,
,,,,,,
,,,,,,
,,,,,,
,,,,,,
,,,,,,
,,,,,,
,,,,,,
,,,,,,
,,,,,,
,,,,,,
,,,,,,
,,,,,,
,,,,,,
,,,,,,
,,,,,,
,,,,,,
,,,,,,
,,,,,,
,,,,,,
,,,,,,
,,,,,,
,,,,,,
,,,,,,
,,,,,,
,,,,,,
,,,,,,
,,,,,,
,,,,,,
,,,,,,
,,,,,,
,,,,,,
,,,,,,
,,,,,,
,,,,,,
,,,,,,
,,,,,,
,,,,,,
,,,,,,
,,,,,,
,,,,,,
,,,,,,
,,,,,,
,,,,,,
,,,,,,
,,,,,,
,,,,,,
,,,,,,
,,,,,,
,,,,,,
,,,,,,
,,,,,,
,,,,,,
,,,,,,
,,,,,,
,,,,,,
,,,,,,
,,,,,,
,,,,,,
,,,,,,
,,,,,,
,,,,,,
,,,,,,
,,,,,,
,,,,,,
,,,,,,
,,,,,,
,,,,,,
,,,,,,
,,,,,,
,,,,,,
,,,,,,
,,,,,,
,,,,,,
,,,,,,
,,,,,,
,,,,,,
,,,,,,
,,,,,,
,,,,,,
,,,,,,
,,,,,,
,,,,,,
,,,,,,
,,,,,,
,,,,,,
,,,,,,
,,,,,,
,,,,,,
,,,,,,
,,,,,,
,,,,,,
,,,,,,
,,,,,,
,,,,,,
,,,,,,
,,,,,,
,,,,,,
,,,,,,
,,,,,,
,,,,,,
,,,,,,
,,,,,,
,,,,,,
,,,,,,
,,,,,,
,,,,,,
,,,,,,
,,,,,,
,,,,,,
,,,,,,
,,,,,,
,,,,,,
,,,,,,
,,,,,,
,,,,,,
,,,,,,
,,,,,,
,,,,,,
,,,,,,
,,,,,,
,,,,,,
,,,,,,
,,,,,,
,,,,,,
,,,,,,
,,,,,,
,,,,,,
,,,,,,
,,,,,,
,,,,,,
,,,,,,
,,,,,,
,,,,,,
,,,,,,
,,,,,,
,,,,,,
,,,,,,
,,,,,,
,,,,,,
,,,,,,
,,,,,,
,,,,,,
,,,,,,
,,,,,,
,,,,,,
,,,,,,
,,,,,,
,,,,,,
,,,,,,
,,,,,,
,,,,,,
,,,,,,
,,,,,,
,,,,,,
,,,,,,
,,,,,,
,,,,,,
,,,,,,
,,,,,,
,,,,,,
,,,,,,
,,,,,,
,,,,,,
,,,,,,
,,,,,,
,,,,,,
,,,,,,
,,,,,,
,,,,,,
,,,,,,
,,,,,,
,,,,,,
,,,,,,
,,,,,,
,,,,,,
,,,,,,
,,,,,,
,,,,,,
,,,,,,
,,,,,,
,,,,,,
,,,,,,
,,,,,,
,,,,,,
,,,,,,
,,,,,,
,,,,,,
,,,,,,
,,,,,,
,,,,,,
,,,,,,
,,,,,,
,,,,,,
,,,,,,
,,,,,,
,,,,,,
,,,,,,
,,,,,,
,,,,,,
,,,,,,
,,,,,,
,,,,,,
,,,,,,
,,,,,,
,,,,,,
,,,,,,
,,,,,,
,,,,,,
,,,,,,
,,,,,,
,,,,,,
,,,,,,
,,,,,,
,,,,,,
,,,,,,
,,,,,,
,,,,,,
,,,,,,
,,,,,,
,,,,,,
,,,,,,
,,,,,,
,,,,,,
,,,,,,
,,,,,,
,,,,,,
,,,,,,
,,,,,,
,,,,,,
,,,,,,
,,,,,,
,,,,,,
,,,,,,
,,,,,,
,,,,,,
,,,,,,
,,,,,,
,,,,,,
,,,,,,
,,,,,,
,,,,,,
,,,,,,
,,,,,,
,,,,,,
,,,,,,
,,,,,,
,,,,,,
,,,,,,
,,,,,,
,,,,,,
,,,,,,
,,,,,,
,,,,,,
,,,,,,
,,,,,,
,,,,,,
,,,,,,
,,,,,,
,,,,,,
,,,,,,
,,,,,,
,,,,,,
,,,,,,
,,,,,,
,,,,,,
,,,,,,
,,,,,,
,,,,,,
,,,,,,
,,,,,,
,,,,,,
,,,,,,
,,,,,,
,,,,,,
,,,,,,
,,,,,,
,,,,,,
,,,,,,
,,,,,,
,,,,,,
,,,,,,
,,,,,,
,,,,,,
,,,,,,
,,,,,,
,,,,,,
,,,,,,
,,,,,,
,,,,,,
,,,,,,
,,,,,,
,,,,,,
,,,,,,
,,,,,,
,,,,,,
,,,,,,
,,,,,,
,,,,,,
,,,,,,
,,,,,,
,,,,,,
,,,,,,
,,,,,,
,,,,,,
,,,,,,
,,,,,,
,,,,,,
,,,,,,
,,,,,,
,,,,,,
,,,,,,
,,,,,,
,,,,,,
,,,,,,
,,,,,,
,,,,,,
,,,,,,
,,,,,,
,,,,,,
,,,,,,
,,,,,,
,,,,,,
,,,,,,
,,,,,,
,,,,,,
,,,,,,
,,,,,,
,,,,,,
,,,,,,
,,,,,,
,,,,,,
,,,,,,
,,,,,,
,,,,,,
,,,,,,
,,,,,,
,,,,,,
,,,,,,
,,,,,,
,,,,,,
,,,,,,
,,,,,,
,,,,,,
,,,,,,
,,,,,,
,,,,,,
,,,,,,
,,,,,,
,,,,,,
,,,,,,
,,,,,,
,,,,,,
,,,,,,
,,,,,,
,,,,,,
,,,,,,
,,,,,,
,,,,,,
,,,,,,
,,,,,,
,,,,,,
,,,,,,
,,,,,,
,,,,,,
,,,,,,
,,,,,,
,,,,,,
,,,,,,
,,,,,,
,,,,,,
,,,,,,
,,,,,,
,,,,,,
,,,,,,
,,,,,,
,,,,,,
,,,,,,
,,,,,,
,,,,,,
,,,,,,
,,,,,,
,,,,,,
,,,,,,
,,,,,,
,,,,,,
,,,,,,
,,,,,,
,,,,,,
,,,,,,
,,,,,,
,,,,,,
,,,,,,
,,,,,,
,,,,,,
,,,,,,
,,,,,,
,,,,,,
,,,,,,
,,,,,,
,,,,,,
,,,,,,
,,,,,,
,,,,,,
,,,,,,
,,,,,,
,,,,,,
,,,,,,
,,,,,,
,,,,,,
,,,,,,
,,,,,,
,,,,,,
,,,,,,
,,,,,,
,,,,,,
,,,,,,
,,,,,,
,,,,,,
,,,,,,
,,,,,,
,,,,,,
,,,,,,
,,,,,,
,,,,,,
,,,,,,
,,,,,,
,,,,,,
,,,,,,
,,,,,,
,,,,,,
,,,,,,
,,,,,,
,,,,,,
,,,,,,
,,,,,,
,,,,,,
,,,,,,
,,,,,,
,,,,,,
,,,,,,
,,,,,,
,,,,,,
,,,,,,
,,,,,,
,,,,,,
,,,,,,
,,,,,,
,,,,,,
,,,,,,
,,,,,,
,,,,,,
,,,,,,
,,,,,,
,,,,,,
,,,,,,
,,,,,,
,,,,,,
,,,,,,
,,,,,,
,,,,,,
,,,,,,
,,,,,,
,,,,,,
,,,,,,
,,,,,,
,,,,,,
,,,,,,
,,,,,,
,,,,,,
,,,,,,
,,,,,,
,,,,,,
,,,,,,
,,,,,,